item_id,reason
minecraft:acacia_boat,identity_only
minecraft:acacia_button,identity_only
minecraft:acacia_door,identity_only
minecraft:acacia_hanging_sign,identity_only
minecraft:acacia_leaves,identity_only
minecraft:acacia_log,identity_only
minecraft:acacia_pressure_plate,identity_only
minecraft:acacia_shelf,identity_only
minecraft:acacia_slab,identity_only
minecraft:acacia_stairs,identity_only
minecraft:acacia_trapdoor,identity_only
minecraft:acacia_wood,identity_only
minecraft:air,identity_only
minecraft:allay_spawn_egg,identity_only
minecraft:allium,identity_only
minecraft:amethyst_block,identity_only
minecraft:amethyst_cluster,identity_only
minecraft:amethyst_shard,identity_only
minecraft:ancient_debris,identity_only
minecraft:andesite_slab,identity_only
minecraft:andesite_stairs,identity_only
minecraft:andesite_wall,identity_only
minecraft:angler_pottery_sherd,identity_only
minecraft:archer_pottery_sherd,identity_only
minecraft:armadillo_scute,identity_only
minecraft:armadillo_spawn_egg,identity_only
minecraft:arms_up_pottery_sherd,identity_only
minecraft:axolotl_bucket,identity_only
minecraft:axolotl_spawn_egg,identity_only
minecraft:azalea_leaves,identity_only
minecraft:azure_bluet,identity_only
minecraft:baked_potato,identity_only
minecraft:bamboo,identity_only
minecraft:bamboo_block,identity_only
minecraft:bamboo_button,identity_only
minecraft:bamboo_door,identity_only
minecraft:bamboo_hanging_sign,identity_only
minecraft:bamboo_mosaic,identity_only
minecraft:bamboo_mosaic_slab,identity_only
minecraft:bamboo_mosaic_stairs,identity_only
minecraft:bamboo_pressure_plate,identity_only
minecraft:bamboo_raft,identity_only
minecraft:bamboo_shelf,identity_only
minecraft:bamboo_slab,identity_only
minecraft:bamboo_stairs,identity_only
minecraft:bamboo_trapdoor,identity_only
minecraft:barrel,identity_only
minecraft:barrier,identity_only
minecraft:basalt,identity_only
minecraft:bat_spawn_egg,identity_only
minecraft:beacon,identity_only
minecraft:bedrock,identity_only
minecraft:bee_nest,identity_only
minecraft:bee_spawn_egg,identity_only
minecraft:beef,identity_only
minecraft:beehive,identity_only
minecraft:beetroot_seeds,identity_only
minecraft:beetroot_soup,identity_only
minecraft:bell,identity_only
minecraft:big_dripleaf,identity_only
minecraft:birch_boat,identity_only
minecraft:birch_button,identity_only
minecraft:birch_door,identity_only
minecraft:birch_hanging_sign,identity_only
minecraft:birch_leaves,identity_only
minecraft:birch_log,identity_only
minecraft:birch_pressure_plate,identity_only
minecraft:birch_shelf,identity_only
minecraft:birch_slab,identity_only
minecraft:birch_stairs,identity_only
minecraft:birch_trapdoor,identity_only
minecraft:birch_wood,identity_only
minecraft:black_bed,identity_only
minecraft:black_bundle,identity_only
minecraft:black_candle,identity_only
minecraft:black_carpet,identity_only
minecraft:black_concrete,identity_only
minecraft:black_concrete_powder,identity_only
minecraft:black_dye,identity_only
minecraft:black_glazed_terracotta,identity_only
minecraft:black_harness,identity_only
minecraft:black_shulker_box,identity_only
minecraft:black_stained_glass,identity_only
minecraft:black_stained_glass_pane,identity_only
minecraft:black_terracotta,identity_only
minecraft:black_wool,identity_only
minecraft:blackstone,identity_only
minecraft:blackstone_slab,identity_only
minecraft:blackstone_stairs,identity_only
minecraft:blackstone_wall,identity_only
minecraft:blade_pottery_sherd,identity_only
minecraft:blaze_powder,identity_only
minecraft:blaze_rod,identity_only
minecraft:blaze_spawn_egg,identity_only
minecraft:blue_bed,identity_only
minecraft:blue_bundle,identity_only
minecraft:blue_candle,identity_only
minecraft:blue_carpet,identity_only
minecraft:blue_concrete,identity_only
minecraft:blue_concrete_powder,identity_only
minecraft:blue_dye,identity_only
minecraft:blue_egg,identity_only
minecraft:blue_glazed_terracotta,identity_only
minecraft:blue_harness,identity_only
minecraft:blue_ice,identity_only
minecraft:blue_orchid,identity_only
minecraft:blue_shulker_box,identity_only
minecraft:blue_stained_glass,identity_only
minecraft:blue_stained_glass_pane,identity_only
minecraft:blue_terracotta,identity_only
minecraft:blue_wool,identity_only
minecraft:bogged_spawn_egg,identity_only
minecraft:bone,identity_only
minecraft:bone_block,identity_only
minecraft:bone_meal,identity_only
minecraft:book,identity_only
minecraft:bookshelf,identity_only
minecraft:bordure_indented_banner_pattern,identity_only
minecraft:bow,identity_only
minecraft:bowl,identity_only
minecraft:brain_coral,identity_only
minecraft:brain_coral_block,identity_only
minecraft:brain_coral_fan,identity_only
minecraft:bread,identity_only
minecraft:breeze_rod,identity_only
minecraft:breeze_spawn_egg,identity_only
minecraft:brewer_pottery_sherd,identity_only
minecraft:brewing_stand,identity_only
minecraft:brick,identity_only
minecraft:brick_slab,identity_only
minecraft:brick_stairs,identity_only
minecraft:brick_wall,identity_only
minecraft:bricks,identity_only
minecraft:brown_bed,identity_only
minecraft:brown_bundle,identity_only
minecraft:brown_candle,identity_only
minecraft:brown_carpet,identity_only
minecraft:brown_concrete,identity_only
minecraft:brown_concrete_powder,identity_only
minecraft:brown_dye,identity_only
minecraft:brown_egg,identity_only
minecraft:brown_glazed_terracotta,identity_only
minecraft:brown_harness,identity_only
minecraft:brown_mushroom,identity_only
minecraft:brown_mushroom_block,identity_only
minecraft:brown_shulker_box,identity_only
minecraft:brown_stained_glass,identity_only
minecraft:brown_stained_glass_pane,identity_only
minecraft:brown_terracotta,identity_only
minecraft:brown_wool,identity_only
minecraft:bubble_coral,identity_only
minecraft:bubble_coral_block,identity_only
minecraft:bubble_coral_fan,identity_only
minecraft:bucket,identity_only
minecraft:budding_amethyst,identity_only
minecraft:burn_pottery_sherd,identity_only
minecraft:bush,identity_only
minecraft:cactus,identity_only
minecraft:cactus_flower,identity_only
minecraft:cake,identity_only
minecraft:calcite,identity_only
minecraft:camel_husk_spawn_egg,identity_only
minecraft:camel_spawn_egg,identity_only
minecraft:campfire,identity_only
minecraft:carrot_on_a_stick,identity_only
minecraft:cartography_table,identity_only
minecraft:carved_pumpkin,identity_only
minecraft:cat_spawn_egg,identity_only
minecraft:cauldron,identity_only
minecraft:cave_spider_spawn_egg,identity_only
minecraft:chain_command_block,identity_only
minecraft:chainmail_boots,identity_only
minecraft:chainmail_chestplate,identity_only
minecraft:chainmail_helmet,identity_only
minecraft:chainmail_leggings,identity_only
minecraft:charcoal,identity_only
minecraft:cherry_boat,identity_only
minecraft:cherry_button,identity_only
minecraft:cherry_door,identity_only
minecraft:cherry_hanging_sign,identity_only
minecraft:cherry_leaves,identity_only
minecraft:cherry_log,identity_only
minecraft:cherry_pressure_plate,identity_only
minecraft:cherry_shelf,identity_only
minecraft:cherry_slab,identity_only
minecraft:cherry_stairs,identity_only
minecraft:cherry_trapdoor,identity_only
minecraft:cherry_wood,identity_only
minecraft:chest,identity_only
minecraft:chicken,identity_only
minecraft:chicken_spawn_egg,identity_only
minecraft:chipped_anvil,identity_only
minecraft:chiseled_bookshelf,identity_only
minecraft:chiseled_copper,identity_only
minecraft:chiseled_deepslate,identity_only
minecraft:chiseled_nether_bricks,identity_only
minecraft:chiseled_polished_blackstone,identity_only
minecraft:chiseled_quartz_block,identity_only
minecraft:chiseled_red_sandstone,identity_only
minecraft:chiseled_resin_bricks,identity_only
minecraft:chiseled_sandstone,identity_only
minecraft:chiseled_stone_bricks,identity_only
minecraft:chiseled_tuff,identity_only
minecraft:chiseled_tuff_bricks,identity_only
minecraft:chorus_flower,identity_only
minecraft:chorus_fruit,identity_only
minecraft:chorus_plant,identity_only
minecraft:clay,identity_only
minecraft:clay_ball,identity_only
minecraft:closed_eyeblossom,identity_only
minecraft:coal_block,identity_only
minecraft:coal_ore,identity_only
minecraft:coarse_dirt,identity_only
minecraft:coast_armor_trim_smithing_template,identity_only
minecraft:cobbled_deepslate,identity_only
minecraft:cobbled_deepslate_slab,identity_only
minecraft:cobbled_deepslate_stairs,identity_only
minecraft:cobbled_deepslate_wall,identity_only
minecraft:cobblestone_slab,identity_only
minecraft:cobblestone_stairs,identity_only
minecraft:cobblestone_wall,identity_only
minecraft:cobweb,identity_only
minecraft:cod,identity_only
minecraft:cod_bucket,identity_only
minecraft:cod_spawn_egg,identity_only
minecraft:command_block,identity_only
minecraft:command_block_minecart,identity_only
minecraft:comparator,identity_only
minecraft:composter,identity_only
minecraft:conduit,identity_only
minecraft:cooked_beef,identity_only
minecraft:cooked_chicken,identity_only
minecraft:cooked_cod,identity_only
minecraft:cooked_mutton,identity_only
minecraft:cooked_porkchop,identity_only
minecraft:cooked_rabbit,identity_only
minecraft:cooked_salmon,identity_only
minecraft:cookie,identity_only
minecraft:copper_axe,identity_only
minecraft:copper_block,identity_only
minecraft:copper_boots,identity_only
minecraft:copper_bulb,identity_only
minecraft:copper_chest,identity_only
minecraft:copper_chestplate,identity_only
minecraft:copper_door,identity_only
minecraft:copper_golem_spawn_egg,identity_only
minecraft:copper_golem_statue,identity_only
minecraft:copper_grate,identity_only
minecraft:copper_helmet,identity_only
minecraft:copper_hoe,identity_only
minecraft:copper_horse_armor,identity_only
minecraft:copper_leggings,identity_only
minecraft:copper_nautilus_armor,identity_only
minecraft:copper_nugget,identity_only
minecraft:copper_ore,identity_only
minecraft:copper_pickaxe,identity_only
minecraft:copper_shovel,identity_only
minecraft:copper_spear,identity_only
minecraft:copper_sword,identity_only
minecraft:copper_trapdoor,identity_only
minecraft:cornflower,identity_only
minecraft:cow_spawn_egg,identity_only
minecraft:cracked_deepslate_bricks,identity_only
minecraft:cracked_deepslate_tiles,identity_only
minecraft:cracked_nether_bricks,identity_only
minecraft:cracked_polished_blackstone_bricks,identity_only
minecraft:cracked_stone_bricks,identity_only
minecraft:creaking_heart,identity_only
minecraft:creaking_spawn_egg,identity_only
minecraft:creeper_banner_pattern,identity_only
minecraft:creeper_head,identity_only
minecraft:creeper_spawn_egg,identity_only
minecraft:crimson_button,identity_only
minecraft:crimson_door,identity_only
minecraft:crimson_fungus,identity_only
minecraft:crimson_hanging_sign,identity_only
minecraft:crimson_hyphae,identity_only
minecraft:crimson_nylium,identity_only
minecraft:crimson_pressure_plate,identity_only
minecraft:crimson_roots,identity_only
minecraft:crimson_shelf,identity_only
minecraft:crimson_slab,identity_only
minecraft:crimson_stairs,identity_only
minecraft:crimson_stem,identity_only
minecraft:crimson_trapdoor,identity_only
minecraft:crying_obsidian,identity_only
minecraft:cut_copper,identity_only
minecraft:cut_copper_slab,identity_only
minecraft:cut_copper_stairs,identity_only
minecraft:cut_red_sandstone,identity_only
minecraft:cut_red_sandstone_slab,identity_only
minecraft:cut_sandstone,identity_only
minecraft:cut_standstone_slab,identity_only
minecraft:cyan_bed,identity_only
minecraft:cyan_bundle,identity_only
minecraft:cyan_candle,identity_only
minecraft:cyan_carpet,identity_only
minecraft:cyan_concrete,identity_only
minecraft:cyan_concrete_powder,identity_only
minecraft:cyan_dye,identity_only
minecraft:cyan_glazed_terracotta,identity_only
minecraft:cyan_harness,identity_only
minecraft:cyan_shulker_box,identity_only
minecraft:cyan_stained_glass,identity_only
minecraft:cyan_stained_glass_pane,identity_only
minecraft:cyan_terracotta,identity_only
minecraft:cyan_wool,identity_only
minecraft:damaged_anvil,identity_only
minecraft:dandelion,identity_only
minecraft:danger_pottery_sherd,identity_only
minecraft:dark_oak_boat,identity_only
minecraft:dark_oak_button,identity_only
minecraft:dark_oak_door,identity_only
minecraft:dark_oak_hanging_sign,identity_only
minecraft:dark_oak_leaves,identity_only
minecraft:dark_oak_log,identity_only
minecraft:dark_oak_pressure_plate,identity_only
minecraft:dark_oak_shelf,identity_only
minecraft:dark_oak_slab,identity_only
minecraft:dark_oak_stairs,identity_only
minecraft:dark_oak_trapdoor,identity_only
minecraft:dark_oak_wood,identity_only
minecraft:dark_prismarine,identity_only
minecraft:dark_prismarine_slab,identity_only
minecraft:dark_prismarine_stairs,identity_only
minecraft:daylight_detector,identity_only
minecraft:dead_brain_coral,identity_only
minecraft:dead_brain_coral_block,identity_only
minecraft:dead_brain_coral_fan,identity_only
minecraft:dead_bubble_coral,identity_only
minecraft:dead_bubble_coral_block,identity_only
minecraft:dead_bubble_coral_fan,identity_only
minecraft:dead_bush,identity_only
minecraft:dead_fire_coral,identity_only
minecraft:dead_fire_coral_block,identity_only
minecraft:dead_fire_coral_fan,identity_only
minecraft:dead_horn_coral,identity_only
minecraft:dead_horn_coral_block,identity_only
minecraft:dead_horn_coral_fan,identity_only
minecraft:dead_tube_coral,identity_only
minecraft:dead_tube_coral_block,identity_only
minecraft:dead_tube_coral_fan,identity_only
minecraft:debug_stick,identity_only
minecraft:decorated_pot,identity_only
minecraft:deepslate,identity_only
minecraft:deepslate_brick_slab,identity_only
minecraft:deepslate_brick_stairs,identity_only
minecraft:deepslate_brick_wall,identity_only
minecraft:deepslate_bricks,identity_only
minecraft:deepslate_coal_ore,identity_only
minecraft:deepslate_copper_ore,identity_only
minecraft:deepslate_diamond_ore,identity_only
minecraft:deepslate_emerald_ore,identity_only
minecraft:deepslate_gold_ore,identity_only
minecraft:deepslate_iron_ore,identity_only
minecraft:deepslate_lapis_ore,identity_only
minecraft:deepslate_redstone_ore,identity_only
minecraft:deepslate_tile_slab,identity_only
minecraft:deepslate_tile_stairs,identity_only
minecraft:deepslate_tile_wall,identity_only
minecraft:deepslate_tiles,identity_only
minecraft:diamond_axe,identity_only
minecraft:diamond_block,identity_only
minecraft:diamond_boots,identity_only
minecraft:diamond_chestplate,identity_only
minecraft:diamond_helmet,identity_only
minecraft:diamond_hoe,identity_only
minecraft:diamond_horse_armor,identity_only
minecraft:diamond_leggings,identity_only
minecraft:diamond_nautilus_armor,identity_only
minecraft:diamond_ore,identity_only
minecraft:diamond_pickaxe,identity_only
minecraft:diamond_shovel,identity_only
minecraft:diamond_spear,identity_only
minecraft:diamond_sword,identity_only
minecraft:diorite_slab,identity_only
minecraft:diorite_stairs,identity_only
minecraft:diorite_wall,identity_only
minecraft:dirt,identity_only
minecraft:dirt_path,identity_only
minecraft:disc_fragment_5,identity_only
minecraft:dolphin_spawn_egg,identity_only
minecraft:donkey_spawn_egg,identity_only
minecraft:dragon_breath,identity_only
minecraft:dragon_egg,identity_only
minecraft:dragon_head,identity_only
minecraft:dried_ghast,identity_only
minecraft:dried_kelp_block,identity_only
minecraft:dripstone_block,identity_only
minecraft:drowned_spawn_egg,identity_only
minecraft:dry_short_grass,identity_only
minecraft:dry_tall_grass,identity_only
minecraft:echo_shard,identity_only
minecraft:egg,identity_only
minecraft:elder_guardian_spawn_egg,identity_only
minecraft:elytra,identity_only
minecraft:emerald_block,identity_only
minecraft:emerald_ore,identity_only
minecraft:enchanted_book,identity_only
minecraft:enchanted_golden_apple,identity_only
minecraft:end_crystal,identity_only
minecraft:end_portal_frame,identity_only
minecraft:end_rod,identity_only
minecraft:end_stone,identity_only
minecraft:end_stone_brick_slab,identity_only
minecraft:end_stone_brick_stairs,identity_only
minecraft:end_stone_brick_wall,identity_only
minecraft:end_stone_bricks,identity_only
minecraft:ender_chest,identity_only
minecraft:ender_dragon_spawn_egg,identity_only
minecraft:ender_eye,identity_only
minecraft:ender_pearl,identity_only
minecraft:enderman_spawn_egg,identity_only
minecraft:endermite_spawn_egg,identity_only
minecraft:evoker_spawn_egg,identity_only
minecraft:experience_bottle,identity_only
minecraft:explorer_pottery_sherd,identity_only
minecraft:exposed_chiseled_copper,identity_only
minecraft:exposed_copper,identity_only
minecraft:exposed_copper_bulb,identity_only
minecraft:exposed_copper_chest,identity_only
minecraft:exposed_copper_door,identity_only
minecraft:exposed_copper_golem_statue,identity_only
minecraft:exposed_copper_grate,identity_only
minecraft:exposed_copper_trapdoor,identity_only
minecraft:exposed_cut_copper,identity_only
minecraft:exposed_cut_copper_slab,identity_only
minecraft:exposed_cut_copper_stairs,identity_only
minecraft:exposed_lightning_rod,identity_only
minecraft:farmland,identity_only
minecraft:feather,identity_only
minecraft:fermented_spider_eye,identity_only
minecraft:field_masoned_banner_pattern,identity_only
minecraft:filled_map,identity_only
minecraft:fire_charge,identity_only
minecraft:fire_coral,identity_only
minecraft:fire_coral_block,identity_only
minecraft:fire_coral_fan,identity_only
minecraft:firefly_bush,identity_only
minecraft:firework_rocket,identity_only
minecraft:firework_star,identity_only
minecraft:fishing_rod,identity_only
minecraft:fletching_table,identity_only
minecraft:flow_banner_pattern,identity_only
minecraft:flow_pottery_sherd,identity_only
minecraft:flower_banner_pattern,identity_only
minecraft:flower_pot,identity_only
minecraft:flowering_azalea_leaves,identity_only
minecraft:fox_spawn_egg,identity_only
minecraft:friend_pottery_sherd,identity_only
minecraft:frog_spawn_egg,identity_only
minecraft:frogspawn,identity_only
minecraft:furnace,identity_only
minecraft:furnace_minecart,identity_only
minecraft:ghast_spawn_egg,identity_only
minecraft:ghast_tear,identity_only
minecraft:gilded_blackstone,identity_only
minecraft:glass,identity_only
minecraft:glass_bottle,identity_only
minecraft:glass_pane,identity_only
minecraft:glistering_melon_slice,identity_only
minecraft:globe_banner_pattern,identity_only
minecraft:glow_ink_sac,identity_only
minecraft:glow_item_frame,identity_only
minecraft:glow_lichen,identity_only
minecraft:glow_squid_spawn_egg,identity_only
minecraft:glowstone,identity_only
minecraft:glowstone_dust,identity_only
minecraft:goat_horn,identity_only
minecraft:goat_spawn_egg,identity_only
minecraft:gold_block,identity_only
minecraft:gold_nugget,identity_only
minecraft:gold_ore,identity_only
minecraft:golden_axe,identity_only
minecraft:golden_boots,identity_only
minecraft:golden_carrot,identity_only
minecraft:golden_chestplate,identity_only
minecraft:golden_helmet,identity_only
minecraft:golden_hoe,identity_only
minecraft:golden_horse_armor,identity_only
minecraft:golden_leggings,identity_only
minecraft:golden_nautilus_armor,identity_only
minecraft:golden_pickaxe,identity_only
minecraft:golden_shovel,identity_only
minecraft:golden_spear,identity_only
minecraft:golden_sword,identity_only
minecraft:granite,identity_only
minecraft:granite_slab,identity_only
minecraft:granite_stairs,identity_only
minecraft:granite_wall,identity_only
minecraft:grass_block,identity_only
minecraft:gravel,identity_only
minecraft:gray_bed,identity_only
minecraft:gray_bundle,identity_only
minecraft:gray_candle,identity_only
minecraft:gray_carpet,identity_only
minecraft:gray_concrete,identity_only
minecraft:gray_concrete_powder,identity_only
minecraft:gray_dye,identity_only
minecraft:gray_glazed_terracotta,identity_only
minecraft:gray_harness,identity_only
minecraft:gray_shulker_box,identity_only
minecraft:gray_stained_glass,identity_only
minecraft:gray_stained_glass_pane,identity_only
minecraft:gray_terracotta,identity_only
minecraft:gray_wool,identity_only
minecraft:green_bed,identity_only
minecraft:green_bundle,identity_only
minecraft:green_candle,identity_only
minecraft:green_carpet,identity_only
minecraft:green_concrete,identity_only
minecraft:green_concrete_powder,identity_only
minecraft:green_dye,identity_only
minecraft:green_glazed_terracotta,identity_only
minecraft:green_harness,identity_only
minecraft:green_shulker_box,identity_only
minecraft:green_stained_glass,identity_only
minecraft:green_stained_glass_pane,identity_only
minecraft:green_terracotta,identity_only
minecraft:green_wool,identity_only
minecraft:guardian_spawn_egg,identity_only
minecraft:gunpowder,identity_only
minecraft:guster_banner_pattern,identity_only
minecraft:guster_pottery_sherd,identity_only
minecraft:hanging_roots,identity_only
minecraft:happy_ghast_spawn_egg,identity_only
minecraft:hay_block,identity_only
minecraft:heart_of_the_sea,identity_only
minecraft:heart_pottery_sherd,identity_only
minecraft:heartbreak_pottery_sherd,identity_only
minecraft:heavy_core,identity_only
minecraft:heavy_weighted_pressure_plate,identity_only
minecraft:hoglin_spawn_egg,identity_only
minecraft:honey_block,identity_only
minecraft:honey_bottle,identity_only
minecraft:honeycomb,identity_only
minecraft:honeycomb_block,identity_only
minecraft:hopper,identity_only
minecraft:hopper_minecart,identity_only
minecraft:horn_coral,identity_only
minecraft:horn_coral_block,identity_only
minecraft:horn_coral_fan,identity_only
minecraft:horse_spawn_egg,identity_only
minecraft:howl_pottery_sherd,identity_only
minecraft:husk_spawn_egg,identity_only
minecraft:ice,identity_only
minecraft:infested_chiseled_stone_bricks,identity_only
minecraft:infested_cobblestone,identity_only
minecraft:infested_cracked_stone_bricks,identity_only
minecraft:infested_deepslate,identity_only
minecraft:infested_mossy_stone_bricks,identity_only
minecraft:infested_stone,identity_only
minecraft:infested_stone_bricks,identity_only
minecraft:ink_sac,identity_only
minecraft:iron_axe,identity_only
minecraft:iron_bars,identity_only
minecraft:iron_block,identity_only
minecraft:iron_boots,identity_only
minecraft:iron_chestplate,identity_only
minecraft:iron_door,identity_only
minecraft:iron_golem_spawn_egg,identity_only
minecraft:iron_helmet,identity_only
minecraft:iron_hoe,identity_only
minecraft:iron_horse_armor,identity_only
minecraft:iron_leggings,identity_only
minecraft:iron_nautilus_armor,identity_only
minecraft:iron_nugget,identity_only
minecraft:iron_ore,identity_only
minecraft:iron_pickaxe,identity_only
minecraft:iron_shovel,identity_only
minecraft:iron_spear,identity_only
minecraft:iron_sword,identity_only
minecraft:iron_trapdoor,identity_only
minecraft:jack_o_lantern,identity_only
minecraft:jigsaw,identity_only
minecraft:jukebox,identity_only
minecraft:jungle_boat,identity_only
minecraft:jungle_button,identity_only
minecraft:jungle_door,identity_only
minecraft:jungle_hanging_sign,identity_only
minecraft:jungle_leaves,identity_only
minecraft:jungle_log,identity_only
minecraft:jungle_pressure_plate,identity_only
minecraft:jungle_shelf,identity_only
minecraft:jungle_slab,identity_only
minecraft:jungle_stairs,identity_only
minecraft:jungle_trapdoor,identity_only
minecraft:jungle_wood,identity_only
minecraft:kelp,identity_only
minecraft:knowledge_book,identity_only
minecraft:ladder,identity_only
minecraft:lantern,identity_only
minecraft:lapis_block,identity_only
minecraft:lapis_ore,identity_only
minecraft:large_amethyst_bud,identity_only
minecraft:large_fern,identity_only
minecraft:lava_bucket,identity_only
minecraft:lead,identity_only
minecraft:leaf_litter,identity_only
minecraft:leather,identity_only
minecraft:leather_boots,identity_only
minecraft:leather_chestplate,identity_only
minecraft:leather_helmet,identity_only
minecraft:leather_horse_armor,identity_only
minecraft:leather_leggings,identity_only
minecraft:lectern,identity_only
minecraft:lever,identity_only
minecraft:light,identity_only
minecraft:light_blue_bed,identity_only
minecraft:light_blue_bundle,identity_only
minecraft:light_blue_candle,identity_only
minecraft:light_blue_carpet,identity_only
minecraft:light_blue_concrete,identity_only
minecraft:light_blue_concrete_powder,identity_only
minecraft:light_blue_dye,identity_only
minecraft:light_blue_glazed_terracotta,identity_only
minecraft:light_blue_harness,identity_only
minecraft:light_blue_shulker_box,identity_only
minecraft:light_blue_stained_glass,identity_only
minecraft:light_blue_stained_glass_pane,identity_only
minecraft:light_blue_terracotta,identity_only
minecraft:light_blue_wool,identity_only
minecraft:light_gray_bed,identity_only
minecraft:light_gray_bundle,identity_only
minecraft:light_gray_candle,identity_only
minecraft:light_gray_carpet,identity_only
minecraft:light_gray_concrete,identity_only
minecraft:light_gray_concrete_powder,identity_only
minecraft:light_gray_dye,identity_only
minecraft:light_gray_glazed_terracotta,identity_only
minecraft:light_gray_harness,identity_only
minecraft:light_gray_shulker_box,identity_only
minecraft:light_gray_stained_glass,identity_only
minecraft:light_gray_stained_glass_pane,identity_only
minecraft:light_gray_terracotta,identity_only
minecraft:light_gray_wool,identity_only
minecraft:light_weighted_pressure_plate,identity_only
minecraft:lightning_rod,identity_only
minecraft:lilac,identity_only
minecraft:lily_of_the_valley,identity_only
minecraft:lily_pad,identity_only
minecraft:lime_bed,identity_only
minecraft:lime_bundle,identity_only
minecraft:lime_candle,identity_only
minecraft:lime_carpet,identity_only
minecraft:lime_concrete,identity_only
minecraft:lime_concrete_powder,identity_only
minecraft:lime_dye,identity_only
minecraft:lime_glazed_terracotta,identity_only
minecraft:lime_harness,identity_only
minecraft:lime_shulker_box,identity_only
minecraft:lime_stained_glass,identity_only
minecraft:lime_stained_glass_pane,identity_only
minecraft:lime_terracotta,identity_only
minecraft:lime_wool,identity_only
minecraft:lingering_potion,identity_only
minecraft:llama_spawn_egg,identity_only
minecraft:loom,identity_only
minecraft:mace,identity_only
minecraft:magenta_bed,identity_only
minecraft:magenta_bundle,identity_only
minecraft:magenta_candle,identity_only
minecraft:magenta_carpet,identity_only
minecraft:magenta_concrete,identity_only
minecraft:magenta_concrete_powder,identity_only
minecraft:magenta_dye,identity_only
minecraft:magenta_glazed_terracotta,identity_only
minecraft:magenta_harness,identity_only
minecraft:magenta_shulker_box,identity_only
minecraft:magenta_stained_glass,identity_only
minecraft:magenta_stained_glass_pane,identity_only
minecraft:magenta_terracotta,identity_only
minecraft:magenta_wool,identity_only
minecraft:magma_block,identity_only
minecraft:magma_cream,identity_only
minecraft:magma_cube_spawn_egg,identity_only
minecraft:mangrove_boat,identity_only
minecraft:mangrove_button,identity_only
minecraft:mangrove_door,identity_only
minecraft:mangrove_hanging_sign,identity_only
minecraft:mangrove_leaves,identity_only
minecraft:mangrove_log,identity_only
minecraft:mangrove_pressure_plate,identity_only
minecraft:mangrove_propagule,identity_only
minecraft:mangrove_roots,identity_only
minecraft:mangrove_shelf,identity_only
minecraft:mangrove_slab,identity_only
minecraft:mangrove_stairs,identity_only
minecraft:mangrove_trapdoor,identity_only
minecraft:mangrove_wood,identity_only
minecraft:map,identity_only
minecraft:medium_amethyst_bud,identity_only
minecraft:melon,identity_only
minecraft:melon_seeds,identity_only
minecraft:milk_bucket,identity_only
minecraft:minecart,identity_only
minecraft:miner_pottery_sherd,identity_only
minecraft:mojang_banner_pattern,identity_only
minecraft:mooshroom_spawn_egg,identity_only
minecraft:moss_block,identity_only
minecraft:moss_carpet,identity_only
minecraft:mossy_cobblestone_slab,identity_only
minecraft:mossy_cobblestone_stairs,identity_only
minecraft:mossy_cobblestone_wall,identity_only
minecraft:mossy_stone_brick_slab,identity_only
minecraft:mossy_stone_brick_stairs,identity_only
minecraft:mossy_stone_brick_wall,identity_only
minecraft:mossy_stone_bricks,identity_only
minecraft:mourner_pottery_sherd,identity_only
minecraft:mud,identity_only
minecraft:mud_brick_slab,identity_only
minecraft:mud_brick_stairs,identity_only
minecraft:mud_brick_wall,identity_only
minecraft:mud_bricks,identity_only
minecraft:muddy_mangrove_roots,identity_only
minecraft:mule_spawn_egg,identity_only
minecraft:mushroom_stem,identity_only
minecraft:mushroom_stew,identity_only
minecraft:music_disc_11,identity_only
minecraft:music_disc_13,identity_only
minecraft:music_disc_5,identity_only
minecraft:music_disc_blocks,identity_only
minecraft:music_disc_cat,identity_only
minecraft:music_disc_chirp,identity_only
minecraft:music_disc_creator,identity_only
minecraft:music_disc_creator_music_box,identity_only
minecraft:music_disc_far,identity_only
minecraft:music_disc_lava_chicken,identity_only
minecraft:music_disc_mall,identity_only
minecraft:music_disc_mellohi,identity_only
minecraft:music_disc_otherside,identity_only
minecraft:music_disc_pigstep,identity_only
minecraft:music_disc_precipice,identity_only
minecraft:music_disc_relic,identity_only
minecraft:music_disc_stal,identity_only
minecraft:music_disc_strad,identity_only
minecraft:music_disc_tears,identity_only
minecraft:music_disc_wait,identity_only
minecraft:music_disc_ward,identity_only
minecraft:mutton,identity_only
minecraft:mycelium,identity_only
minecraft:name_tag,identity_only
minecraft:nautilus_shell,identity_only
minecraft:nautilus_spawn_egg,identity_only
minecraft:nether_brick,identity_only
minecraft:nether_brick_fence,identity_only
minecraft:nether_brick_slab,identity_only
minecraft:nether_brick_stairs,identity_only
minecraft:nether_brick_wall,identity_only
minecraft:nether_bricks,identity_only
minecraft:nether_gold_ore,identity_only
minecraft:nether_quartz_ore,identity_only
minecraft:nether_sprouts,identity_only
minecraft:nether_star,identity_only
minecraft:nether_wart,identity_only
minecraft:nether_wart_block,identity_only
minecraft:netherite_axe,identity_only
minecraft:netherite_block,identity_only
minecraft:netherite_boots,identity_only
minecraft:netherite_chestplate,identity_only
minecraft:netherite_helmet,identity_only
minecraft:netherite_hoe,identity_only
minecraft:netherite_horse_armor,identity_only
minecraft:netherite_leggings,identity_only
minecraft:netherite_nautilus_armor,identity_only
minecraft:netherite_pickaxe,identity_only
minecraft:netherite_shovel,identity_only
minecraft:netherite_spear,identity_only
minecraft:netherite_sword,identity_only
minecraft:netherrack,identity_only
minecraft:note_block,identity_only
minecraft:oak_boat,identity_only
minecraft:oak_button,identity_only
minecraft:oak_door,identity_only
minecraft:oak_hanging_sign,identity_only
minecraft:oak_leaves,identity_only
minecraft:oak_log,identity_only
minecraft:oak_pressure_plate,identity_only
minecraft:oak_shelf,identity_only
minecraft:oak_slab,identity_only
minecraft:oak_stairs,identity_only
minecraft:oak_trapdoor,identity_only
minecraft:oak_wood,identity_only
minecraft:obsidian,identity_only
minecraft:ocelot_spawn_egg,identity_only
minecraft:ochre_froglight,identity_only
minecraft:ominous_bottle,identity_only
minecraft:ominous_trial_key,identity_only
minecraft:open_eyeblossom,identity_only
minecraft:orange_bed,identity_only
minecraft:orange_bundle,identity_only
minecraft:orange_candle,identity_only
minecraft:orange_carpet,identity_only
minecraft:orange_concrete,identity_only
minecraft:orange_concrete_powder,identity_only
minecraft:orange_dye,identity_only
minecraft:orange_glazed_terracotta,identity_only
minecraft:orange_harness,identity_only
minecraft:orange_shulker_box,identity_only
minecraft:orange_stained_glass,identity_only
minecraft:orange_stained_glass_pane,identity_only
minecraft:orange_terracotta,identity_only
minecraft:orange_tulip,identity_only
minecraft:orange_wool,identity_only
minecraft:oxeye_daisy,identity_only
minecraft:oxidized_chiseled_copper,identity_only
minecraft:oxidized_copper,identity_only
minecraft:oxidized_copper_bulb,identity_only
minecraft:oxidized_copper_chest,identity_only
minecraft:oxidized_copper_door,identity_only
minecraft:oxidized_copper_golem_statue,identity_only
minecraft:oxidized_copper_grate,identity_only
minecraft:oxidized_copper_trapdoor,identity_only
minecraft:oxidized_cut_copper,identity_only
minecraft:oxidized_cut_copper_slab,identity_only
minecraft:oxidized_cut_copper_stairs,identity_only
minecraft:oxidized_lightning_rod,identity_only
minecraft:packed_ice,identity_only
minecraft:packed_mud,identity_only
minecraft:painting,identity_only
minecraft:pale_hanging_moss,identity_only
minecraft:pale_moss_block,identity_only
minecraft:pale_moss_carpet,identity_only
minecraft:pale_oak_boat,identity_only
minecraft:pale_oak_button,identity_only
minecraft:pale_oak_door,identity_only
minecraft:pale_oak_hanging_sign,identity_only
minecraft:pale_oak_leaves,identity_only
minecraft:pale_oak_log,identity_only
minecraft:pale_oak_planks,identity_only
minecraft:pale_oak_pressure_plate,identity_only
minecraft:pale_oak_shelf,identity_only
minecraft:pale_oak_slab,identity_only
minecraft:pale_oak_stairs,identity_only
minecraft:pale_oak_trapdoor,identity_only
minecraft:pale_oak_wood,identity_only
minecraft:panda_spawn_egg,identity_only
minecraft:paper,identity_only
minecraft:parched_spawn_egg,identity_only
minecraft:parrot_spawn_egg,identity_only
minecraft:pearlescent_froglight,identity_only
minecraft:peony,identity_only
minecraft:petrified_oak_slab,identity_only
minecraft:phantom_membrane,identity_only
minecraft:phantom_spawn_egg,identity_only
minecraft:pig_spawn_egg,identity_only
minecraft:piglin_banner_pattern,identity_only
minecraft:piglin_brute_spawn_egg,identity_only
minecraft:piglin_head,identity_only
minecraft:piglin_spawn_egg,identity_only
minecraft:pillager_spawn_egg,identity_only
minecraft:pink_bed,identity_only
minecraft:pink_bundle,identity_only
minecraft:pink_candle,identity_only
minecraft:pink_carpet,identity_only
minecraft:pink_concrete,identity_only
minecraft:pink_concrete_powder,identity_only
minecraft:pink_dye,identity_only
minecraft:pink_glazed_terracotta,identity_only
minecraft:pink_harness,identity_only
minecraft:pink_petals,identity_only
minecraft:pink_shulker_box,identity_only
minecraft:pink_stained_glass,identity_only
minecraft:pink_stained_glass_pane,identity_only
minecraft:pink_terracotta,identity_only
minecraft:pink_tulip,identity_only
minecraft:pink_wool,identity_only
minecraft:pitcher_plant,identity_only
minecraft:pitcher_pod,identity_only
minecraft:player_head,identity_only
minecraft:plenty_pottery_sherd,identity_only
minecraft:podzol,identity_only
minecraft:pointed_dripstone,identity_only
minecraft:polar_bear_spawn_egg,identity_only
minecraft:polished_andesite,identity_only
minecraft:polished_andesite_slab,identity_only
minecraft:polished_andesite_stairs,identity_only
minecraft:polished_basalt,identity_only
minecraft:polished_blackstone,identity_only
minecraft:polished_blackstone_brick_slab,identity_only
minecraft:polished_blackstone_brick_stairs,identity_only
minecraft:polished_blackstone_brick_wall,identity_only
minecraft:polished_blackstone_bricks,identity_only
minecraft:polished_blackstone_button,identity_only
minecraft:polished_blackstone_pressure_plate,identity_only
minecraft:polished_blackstone_slab,identity_only
minecraft:polished_blackstone_stairs,identity_only
minecraft:polished_blackstone_wall,identity_only
minecraft:polished_deepslate,identity_only
minecraft:polished_deepslate_slab,identity_only
minecraft:polished_deepslate_stairs,identity_only
minecraft:polished_deepslate_wall,identity_only
minecraft:polished_diorite,identity_only
minecraft:polished_diorite_slab,identity_only
minecraft:polished_diorite_stairs,identity_only
minecraft:polished_granite,identity_only
minecraft:polished_granite_slab,identity_only
minecraft:polished_granite_stairs,identity_only
minecraft:polished_tuff,identity_only
minecraft:polished_tuff_slab,identity_only
minecraft:polished_tuff_stairs,identity_only
minecraft:polished_tuff_wall,identity_only
minecraft:popped_chorus_fruit,identity_only
minecraft:poppy,identity_only
minecraft:porkchop,identity_only
minecraft:potion,identity_only
minecraft:powder_snow_bucket,identity_only
minecraft:prismarine,identity_only
minecraft:prismarine_brick_slab,identity_only
minecraft:prismarine_brick_stairs,identity_only
minecraft:prismarine_bricks,identity_only
minecraft:prismarine_crystals,identity_only
minecraft:prismarine_shard,identity_only
minecraft:prismarine_slab,identity_only
minecraft:prismarine_stairs,identity_only
minecraft:prismarine_wall,identity_only
minecraft:prize_pottery_sherd,identity_only
minecraft:pufferfish,identity_only
minecraft:pufferfish_bucket,identity_only
minecraft:pufferfish_spawn_egg,identity_only
minecraft:pumpkin,identity_only
minecraft:pumpkin_pie,identity_only
minecraft:pumpkin_seeds,identity_only
minecraft:purple_bed,identity_only
minecraft:purple_bundle,identity_only
minecraft:purple_candle,identity_only
minecraft:purple_carpet,identity_only
minecraft:purple_concrete,identity_only
minecraft:purple_concrete_powder,identity_only
minecraft:purple_dye,identity_only
minecraft:purple_glazed_terracotta,identity_only
minecraft:purple_harness,identity_only
minecraft:purple_shulker_box,identity_only
minecraft:purple_stained_glass,identity_only
minecraft:purple_stained_glass_pane,identity_only
minecraft:purple_terracotta,identity_only
minecraft:purple_wool,identity_only
minecraft:purpur_block,identity_only
minecraft:purpur_pillar,identity_only
minecraft:purpur_slab,identity_only
minecraft:purpur_stairs,identity_only
minecraft:quartz_block,identity_only
minecraft:quartz_bricks,identity_only
minecraft:quartz_pillar,identity_only
minecraft:quartz_slab,identity_only
minecraft:quartz_stairs,identity_only
minecraft:rabbit,identity_only
minecraft:rabbit_foot,identity_only
minecraft:rabbit_hide,identity_only
minecraft:rabbit_spawn_egg,identity_only
minecraft:rabbit_stew,identity_only
minecraft:rail,identity_only
minecraft:ravager_spawn_egg,identity_only
minecraft:raw_copper_block,identity_only
minecraft:raw_gold_block,identity_only
minecraft:raw_iron_block,identity_only
minecraft:recovery_compass,identity_only
minecraft:red_bed,identity_only
minecraft:red_bundle,identity_only
minecraft:red_candle,identity_only
minecraft:red_carpet,identity_only
minecraft:red_concrete,identity_only
minecraft:red_concrete_powder,identity_only
minecraft:red_dye,identity_only
minecraft:red_glazed_terracotta,identity_only
minecraft:red_harness,identity_only
minecraft:red_mushroom,identity_only
minecraft:red_mushroom_block,identity_only
minecraft:red_nether_brick_slab,identity_only
minecraft:red_nether_brick_stairs,identity_only
minecraft:red_nether_brick_wall,identity_only
minecraft:red_nether_bricks,identity_only
minecraft:red_sand,identity_only
minecraft:red_sandstone,identity_only
minecraft:red_sandstone_slab,identity_only
minecraft:red_sandstone_stairs,identity_only
minecraft:red_sandstone_wall,identity_only
minecraft:red_shulker_box,identity_only
minecraft:red_stained_glass,identity_only
minecraft:red_stained_glass_pane,identity_only
minecraft:red_terracotta,identity_only
minecraft:red_tulip,identity_only
minecraft:red_wool,identity_only
minecraft:redstone_block,identity_only
minecraft:redstone_lamp,identity_only
minecraft:redstone_ore,identity_only
minecraft:reinforced_deepslate,identity_only
minecraft:repeater,identity_only
minecraft:repeating_command_block,identity_only
minecraft:resin_block,identity_only
minecraft:resin_brick,identity_only
minecraft:resin_brick_slab,identity_only
minecraft:resin_brick_stairs,identity_only
minecraft:resin_brick_wall,identity_only
minecraft:resin_bricks,identity_only
minecraft:resin_clump,identity_only
minecraft:respawn_anchor,identity_only
minecraft:rooted_dirt,identity_only
minecraft:rose_bush,identity_only
minecraft:rotten_flesh,identity_only
minecraft:salmon,identity_only
minecraft:salmon_bucket,identity_only
minecraft:salmon_spawn_egg,identity_only
minecraft:sand,identity_only
minecraft:sandstone,identity_only
minecraft:sandstone_slab,identity_only
minecraft:sandstone_stairs,identity_only
minecraft:sandstone_wall,identity_only
minecraft:scrape_pottery_sherd,identity_only
minecraft:sculk,identity_only
minecraft:sculk_catalyst,identity_only
minecraft:sculk_sensor,identity_only
minecraft:sculk_shrieker,identity_only
minecraft:sculk_vein,identity_only
minecraft:sea_lantern,identity_only
minecraft:sea_pickle,identity_only
minecraft:sentry_armor_trim_smithing_template,identity_only
minecraft:sheaf_pottery_sherd,identity_only
minecraft:shears,identity_only
minecraft:sheep_spawn_egg,identity_only
minecraft:shelter_pottery_sherd,identity_only
minecraft:shield,identity_only
minecraft:shroomlight,identity_only
minecraft:shulker_shell,identity_only
minecraft:shulker_spawn_egg,identity_only
minecraft:silence_armor_trim_smithing_template,identity_only
minecraft:silverfish_spawn_egg,identity_only
minecraft:skeleton_horse_spawn_egg,identity_only
minecraft:skeleton_skull,identity_only
minecraft:skeleton_spawn_egg,identity_only
minecraft:skull_banner_pattern,identity_only
minecraft:skull_pottery_sherd,identity_only
minecraft:slime_ball,identity_only
minecraft:slime_block,identity_only
minecraft:slime_spawn_egg,identity_only
minecraft:small_amethyst_bud,identity_only
minecraft:small_dripleaf,identity_only
minecraft:smithing_table,identity_only
minecraft:smoker,identity_only
minecraft:smooth_basalt,identity_only
minecraft:smooth_quartz,identity_only
minecraft:smooth_quartz_slab,identity_only
minecraft:smooth_quartz_stairs,identity_only
minecraft:smooth_red_sandstone,identity_only
minecraft:smooth_red_sandstone_slab,identity_only
minecraft:smooth_red_sandstone_stairs,identity_only
minecraft:smooth_sandstone,identity_only
minecraft:smooth_sandstone_slab,identity_only
minecraft:smooth_sandstone_stairs,identity_only
minecraft:smooth_stone,identity_only
minecraft:smooth_stone_slab,identity_only
minecraft:sniffer_egg,identity_only
minecraft:sniffer_spawn_egg,identity_only
minecraft:snort_pottery_sherd,identity_only
minecraft:snow,identity_only
minecraft:snow_block,identity_only
minecraft:snow_golem_spawn_egg,identity_only
minecraft:snowball,identity_only
minecraft:soul_campfire,identity_only
minecraft:soul_lantern,identity_only
minecraft:soul_sand,identity_only
minecraft:soul_soil,identity_only
minecraft:spawner,identity_only
minecraft:spectral_arrow,identity_only
minecraft:spider_eye,identity_only
minecraft:spider_spawn_egg,identity_only
minecraft:splash_potion,identity_only
minecraft:sponge,identity_only
minecraft:spore_blossom,identity_only
minecraft:spruce_boat,identity_only
minecraft:spruce_button,identity_only
minecraft:spruce_door,identity_only
minecraft:spruce_hanging_sign,identity_only
minecraft:spruce_leaves,identity_only
minecraft:spruce_log,identity_only
minecraft:spruce_pressure_plate,identity_only
minecraft:spruce_shelf,identity_only
minecraft:spruce_slab,identity_only
minecraft:spruce_stairs,identity_only
minecraft:spruce_trapdoor,identity_only
minecraft:spruce_wood,identity_only
minecraft:spyglass,identity_only
minecraft:squid_spawn_egg,identity_only
minecraft:sticky_piston,identity_only
minecraft:stone,identity_only
minecraft:stone_axe,identity_only
minecraft:stone_brick_slab,identity_only
minecraft:stone_brick_stairs,identity_only
minecraft:stone_brick_wall,identity_only
minecraft:stone_bricks,identity_only
minecraft:stone_button,identity_only
minecraft:stone_hoe,identity_only
minecraft:stone_pickaxe,identity_only
minecraft:stone_pressure_plate,identity_only
minecraft:stone_shovel,identity_only
minecraft:stone_slab,identity_only
minecraft:stone_spear,identity_only
minecraft:stone_stairs,identity_only
minecraft:stone_sword,identity_only
minecraft:stray_spawn_egg,identity_only
minecraft:strider_spawn_egg,identity_only
minecraft:stripped_acacia_log,identity_only
minecraft:stripped_acacia_wood,identity_only
minecraft:stripped_bamboo_block,identity_only
minecraft:stripped_birch_log,identity_only
minecraft:stripped_birch_wood,identity_only
minecraft:stripped_cherry_log,identity_only
minecraft:stripped_cherry_wood,identity_only
minecraft:stripped_crimson_hyphae,identity_only
minecraft:stripped_crimson_stem,identity_only
minecraft:stripped_dark_oak_log,identity_only
minecraft:stripped_dark_oak_wood,identity_only
minecraft:stripped_jungle_log,identity_only
minecraft:stripped_jungle_wood,identity_only
minecraft:stripped_mangrove_log,identity_only
minecraft:stripped_mangrove_wood,identity_only
minecraft:stripped_oak_log,identity_only
minecraft:stripped_oak_wood,identity_only
minecraft:stripped_pale_oak_log,identity_only
minecraft:stripped_pale_oak_wood,identity_only
minecraft:stripped_spruce_log,identity_only
minecraft:stripped_spruce_wood,identity_only
minecraft:stripped_warped_hyphae,identity_only
minecraft:stripped_warped_stem,identity_only
minecraft:structure_block,identity_only
minecraft:structure_void,identity_only
minecraft:sugar_cane,identity_only
minecraft:sunflower,identity_only
minecraft:suspicious_gravel,identity_only
minecraft:suspicious_sand,identity_only
minecraft:suspicious_stew,identity_only
minecraft:tadpole_bucket,identity_only
minecraft:tadpole_spawn_egg,identity_only
minecraft:tall_grass,identity_only
minecraft:target,identity_only
minecraft:terracotta,identity_only
minecraft:test_block,identity_only
minecraft:test_instance_block,identity_only
minecraft:tipped_arrow,identity_only
minecraft:tnt,identity_only
minecraft:tnt_minecart,identity_only
minecraft:torchflower,identity_only
minecraft:torchflower_seeds,identity_only
minecraft:totem_of_undying,identity_only
minecraft:trader_llama_spawn_egg,identity_only
minecraft:trial_key,identity_only
minecraft:trial_spawner,identity_only
minecraft:trident,identity_only
minecraft:tripwire_hook,identity_only
minecraft:tropical_fish,identity_only
minecraft:tropical_fish_bucket,identity_only
minecraft:tropical_fish_spawn_egg,identity_only
minecraft:tube_coral,identity_only
minecraft:tube_coral_block,identity_only
minecraft:tube_coral_fan,identity_only
minecraft:tuff,identity_only
minecraft:tuff_brick_slab,identity_only
minecraft:tuff_brick_stairs,identity_only
minecraft:tuff_brick_wall,identity_only
minecraft:tuff_bricks,identity_only
minecraft:tuff_slab,identity_only
minecraft:tuff_stairs,identity_only
minecraft:tuff_wall,identity_only
minecraft:turtle_egg,identity_only
minecraft:turtle_helmet,identity_only
minecraft:turtle_scute,identity_only
minecraft:turtle_spawn_egg,identity_only
minecraft:twisting_vines,identity_only
minecraft:vault,identity_only
minecraft:verdant_froglight,identity_only
minecraft:vex_armor_trim_smithing_template,identity_only
minecraft:vex_spawn_egg,identity_only
minecraft:villager_spawn_egg,identity_only
minecraft:vindicator_spawn_egg,identity_only
minecraft:vine,identity_only
minecraft:wandering_trader_spawn_egg,identity_only
minecraft:ward_armor_trim_smithing_template,identity_only
minecraft:warden_spawn_egg,identity_only
minecraft:warped_button,identity_only
minecraft:warped_door,identity_only
minecraft:warped_fungus,identity_only
minecraft:warped_fungus_on_a_stick,identity_only
minecraft:warped_hanging_sign,identity_only
minecraft:warped_hyphae,identity_only
minecraft:warped_nylium,identity_only
minecraft:warped_pressure_plate,identity_only
minecraft:warped_roots,identity_only
minecraft:warped_shelf,identity_only
minecraft:warped_slab,identity_only
minecraft:warped_stairs,identity_only
minecraft:warped_stem,identity_only
minecraft:warped_trapdoor,identity_only
minecraft:warped_wart_block,identity_only
minecraft:water_bucket,identity_only
minecraft:waxed_chiseled_copper,identity_only
minecraft:waxed_copper_block,identity_only
minecraft:waxed_copper_bulb,identity_only
minecraft:waxed_copper_chest,identity_only
minecraft:waxed_copper_door,identity_only
minecraft:waxed_copper_golem_statue,identity_only
minecraft:waxed_copper_grate,identity_only
minecraft:waxed_copper_trapdoor,identity_only
minecraft:waxed_cut_copper,identity_only
minecraft:waxed_cut_copper_slab,identity_only
minecraft:waxed_cut_copper_stairs,identity_only
minecraft:waxed_exposed_chiseled_copper,identity_only
minecraft:waxed_exposed_copper,identity_only
minecraft:waxed_exposed_copper_bulb,identity_only
minecraft:waxed_exposed_copper_chest,identity_only
minecraft:waxed_exposed_copper_door,identity_only
minecraft:waxed_exposed_copper_golem_statue,identity_only
minecraft:waxed_exposed_copper_grate,identity_only
minecraft:waxed_exposed_copper_trapdoor,identity_only
minecraft:waxed_exposed_cut_copper,identity_only
minecraft:waxed_exposed_cut_copper_slab,identity_only
minecraft:waxed_exposed_cut_copper_stairs,identity_only
minecraft:waxed_exposed_lightning_rod,identity_only
minecraft:waxed_lightning_rod,identity_only
minecraft:waxed_oxidized_chiseled_copper,identity_only
minecraft:waxed_oxidized_copper,identity_only
minecraft:waxed_oxidized_copper_bulb,identity_only
minecraft:waxed_oxidized_copper_chest,identity_only
minecraft:waxed_oxidized_copper_door,identity_only
minecraft:waxed_oxidized_copper_golem_statue,identity_only
minecraft:waxed_oxidized_copper_grate,identity_only
minecraft:waxed_oxidized_copper_trapdoor,identity_only
minecraft:waxed_oxidized_cut_copper,identity_only
minecraft:waxed_oxidized_cut_copper_slab,identity_only
minecraft:waxed_oxidized_cut_copper_stairs,identity_only
minecraft:waxed_oxidized_lightning_rod,identity_only
minecraft:waxed_weathered_chiseled_copper,identity_only
minecraft:waxed_weathered_copper,identity_only
minecraft:waxed_weathered_copper_bulb,identity_only
minecraft:waxed_weathered_copper_chest,identity_only
minecraft:waxed_weathered_copper_door,identity_only
minecraft:waxed_weathered_copper_golem_statue,identity_only
minecraft:waxed_weathered_copper_grate,identity_only
minecraft:waxed_weathered_copper_trapdoor,identity_only
minecraft:waxed_weathered_cut_copper,identity_only
minecraft:waxed_weathered_cut_copper_slab,identity_only
minecraft:waxed_weathered_cut_copper_stairs,identity_only
minecraft:waxed_weathered_lightning_rod,identity_only
minecraft:weathered_chiseled_copper,identity_only
minecraft:weathered_copper,identity_only
minecraft:weathered_copper_bulb,identity_only
minecraft:weathered_copper_chest,identity_only
minecraft:weathered_copper_door,identity_only
minecraft:weathered_copper_golem_statue,identity_only
minecraft:weathered_copper_grate,identity_only
minecraft:weathered_copper_trapdoor,identity_only
minecraft:weathered_cut_copper,identity_only
minecraft:weathered_cut_copper_slab,identity_only
minecraft:weathered_cut_copper_stairs,identity_only
minecraft:weathered_lightning_rod,identity_only
minecraft:weeping_vines,identity_only
minecraft:wet_sponge,identity_only
minecraft:wheat,identity_only
minecraft:white_bed,identity_only
minecraft:white_bundle,identity_only
minecraft:white_candle,identity_only
minecraft:white_carpet,identity_only
minecraft:white_concrete,identity_only
minecraft:white_concrete_powder,identity_only
minecraft:white_dye,identity_only
minecraft:white_glazed_terracotta,identity_only
minecraft:white_harness,identity_only
minecraft:white_shulker_box,identity_only
minecraft:white_stained_glass,identity_only
minecraft:white_stained_glass_pane,identity_only
minecraft:white_terracotta,identity_only
minecraft:white_tulip,identity_only
minecraft:white_wool,identity_only
minecraft:wildflowers,identity_only
minecraft:wind_charge,identity_only
minecraft:witch_spawn_egg,identity_only
minecraft:wither_rose,identity_only
minecraft:wither_skeleton_skull,identity_only
minecraft:wither_skeleton_spawn_egg,identity_only
minecraft:wither_spawn_egg,identity_only
minecraft:wolf_armor,identity_only
minecraft:wolf_spawn_egg,identity_only
minecraft:wooden_axe,identity_only
minecraft:wooden_hoe,identity_only
minecraft:wooden_pickaxe,identity_only
minecraft:wooden_shovel,identity_only
minecraft:wooden_spear,identity_only
minecraft:wooden_sword,identity_only
minecraft:writable_book,identity_only
minecraft:written_book,identity_only
minecraft:yellow_bed,identity_only
minecraft:yellow_bundle,identity_only
minecraft:yellow_candle,identity_only
minecraft:yellow_carpet,identity_only
minecraft:yellow_concrete,identity_only
minecraft:yellow_concrete_powder,identity_only
minecraft:yellow_dye,identity_only
minecraft:yellow_glazed_terracotta,identity_only
minecraft:yellow_harness,identity_only
minecraft:yellow_shulker_box,identity_only
minecraft:yellow_stained_glass,identity_only
minecraft:yellow_stained_glass_pane,identity_only
minecraft:yellow_terracotta,identity_only
minecraft:yellow_wool,identity_only
minecraft:zoglin_spawn_egg,identity_only
minecraft:zombie_head,identity_only
minecraft:zombie_horse_spawn_egg,identity_only
minecraft:zombie_nautilus_spawn_egg,identity_only
minecraft:zombie_spawn_egg,identity_only
minecraft:zombie_villager_spawn_egg,identity_only
minecraft:zombified_piglin_spawn_egg,identity_only
